New Cases/Week,Unemployment
0,9697.673696
0,9697.673696
0,9697.673696
0,9697.673696
0,9697.673696
6.25,10351.07294
86.25,18714.58321
626.25,75168.27755
2325,252762.191
4907.5,522746.757
7783.75,823441.0872
7192.5,761629.5191
7233.75,765941.9541